1,VILLETTE,CHARLOTTE BRONTE,CLASSIC
2,PICWICK PAPERS,CHARLES DICKENS,CLASSIC
3,WUTHERING HEIGHTS,EMILY BRONTE,CLASSIC
4,GREAT SHORT WORKS OF FYODOR DOSTOEVSKY,FYODOR DOSTOEVSKY,CLASSIC
5,"LADY SUSAN, THE WATSONS, AND SANDITON",JANE AUSTEN,CLASSIC
6,LOVE AND FRIENDSHIP,JANE AUSTEN,CLASSIC
7,RESURRECTION,LEO TOLSTOY,CLASSIC
8,POIROT’S LAST CASE,AGATHA CHRISTIE,DETECTIVE
9,BY THE PRICKING OF MY THUMBS,AGATHA CHRISTIE,DETECTIVE
10,CARDS ON THE TABLE,AGATHA CHRISTIE,DETECTIVE
11,PERRY MASON: THE CASE OF THE ONE-EYED WITNESS,ERLE STANLEY GARDNER,DETECTIVE
12,DETECTION UNLIMITED,GEORGETTE HEYER,DETECTIVE
13,PLUM SPOOKY,JANET EVANOVICH,DETECTIVE
14,CAUSE OF DEATH,PATRICIA CORNWELL,DETECTIVE
15,POST MORTEM,PATRICIA CORNWELL,DETECTIVE
16,I IS FOR INNOCENT,SUE GRAFTON,DETECTIVE
17,THE MAN ON THE BALCONY,SJOWALL AND WAHLOO,DETECTIVE
18,NEEDFUL THINGS,STEPHEN KING,HORROR
19,FOUR PAST MIDNIGHT,STEPHEN KING,HORROR
20,EVERYTHING’S EVENTUAL,STEPHEN KING,HORROR
21,IT,STEPHEN KING,HORROR
22,CATCH 22,JOSEPH HELLER,HUMOUR
23,BIG BOOK OF MALICE,KHUSHWANT SINGH,HUMOUR
24,JOY IN THE MORNING,P G WODEHOUSE,HUMOUR
25,THE LIAR,STEPHEN FRY,HUMOUR
26,THE WHITE TIGER,ARAVIND ADIGA,INDIAN
27,LAST MAN IN TOWER,ARAVIND ADIGA,INDIAN
28,SADHUS- HOLY MEN OF INDIA,DOLF HART SUIKER,INDIA
29,FLOWER GARDENING 1-2-3,MEREDITH BOOKS,NOT FOR ISSUE
30,WINGS OF FIRE - AN AUTOBIOGRAPHY,APJ ABDUL KALAM,BIOGRAPHY
31,THE PASSION OF AYN RAND- BIOGRAPHY,BARABARA BRANDEN,BIOGRAPHY
32,THE MOTORCYCLE DIARIES,ERNESTO CHE GUEVERA,BIOGRAPHY
33,JINNAH - INDIA- PARTITION INDEPENDENCE,JASWANT SINGH,BIOGRAPHY
34,MY EXPERIMENTS WITH TRUTH,M K GANDHI,BIOGRAPHY
35,MY EXPERIMENTS WITH TRUTH,M K GANDHI,BIOGRAPHY
36,THE MAN WHO KNEW INFINITY- RAMANUJAN,ROBERT KANIGEL,BIOGRAPHY
37,THE INNER GAME OF MUSIC,BARRY GREEN/ W.TIMOTHY GALLWEY,HOBBIES
38,JUMPSTART DRAMA,DAVID FULTON,HOBBIES
39,NUMEROLOGY,HANS DECOZ,HOBBIES
40,HOLIDAYS IN THE HILLS,OUTLOOK TRAVELLER,H
41,PRACTICAL LOW FAT,PARRAGON PUBLISHING,HOBBIES
42,AROMA THERAPY,SWASTIK,HOBBIES
43,THE JOYS OF VEGETARIAN COOKING,TARLA DALAL,HOBBIES
44,ARTHA KRANTI,ARTHA KRANTI PUBLISHERS,INDIA
45,THE SCAM,DEBASHIS BASU/ SUCHETA DALAL,INDIA
46,INDIA A SHORT CULTURAL HISTORY,H. G . RAWLINSON,INDIA
47,THE DISCOVERY OF INDIA,JAWAHARLAL NEHRU,INDIA
48,U -TURN INDIA,D K HARI/ HEMA HARI,INDIA
49,HORN OK PLEASE HOPPING TO CONCLUSIONS,KARTIK IYENGAR,INDIA
50,INDIA INSIDE,NIRMALAYA KUMAR AND PHANISH PURANAM,INDIA
51,THE HISTORY OF INDIA,PERCIVAL SPEAR,INDIA
52,HOLY COW,SARAH MCDONALD,INDIA
53,THE SECOND COMING OF STEVE JOBS,ALAN DEUTSCHMAN,IT/MANAGEMENT
54,THE ROAD AHEAD,BILL GATES,IT/MANAGEMENT
55,RIBBLESTROP,ANDY MULLIGAN,F-HUMOUR
56,SKULDUGGERY PLEASANT,DEREK LANDY,F-SCIENCE FICTION/FANTASY
57,SKULDUGGERY PLEASANT - DARK DAYS,DEREK LANDY,F-SCIENCE FICTION/FANTASY
58,SKULDUGGERY PLEASANT - THE FACELESS ONES,DEREK LANDY,F-SCIENCE FICTION/FANTASY
59,SKULDUGGERY PLEASANT - PLAYING WITH FIRE,DEREK LANDY,F-SCIENCE FICTION/FANTASY
60,HITCHHIKER’S GUIDE TO THE GALAXY - AND ANOTHER THING,EOIN COLFER,F-SCIENCE FICTION/FANTASY
61,HARRY POTTER AND THE HALF BLOOD PRINCE,J K ROWLING,F-SCIENCE FICTION/FANTASY
62,HARRY POTTER AND THE DEATHLY HALLOWS,J K ROWLING,F-SCIENCE FICTION/FANTASY
63,HARRY POTTER AND THE PRISONER OF AZKABAN,J K ROWLING,F-SCIENCE FICTION/FANTASY
64,THE LORD OF THE RINGS - FELLOWSHIP OF THE RING,JRR TOLKIEN,F-SCIENCE FICTION/FANTASY
65,JOURNEY TO THE CENTRE OF EARTH,JULES VERNE,F-SCIENCE FICTION/FANTASY
66,SILVERTHORN,RAYMOND E FEIST,F-SCIENCE FICTION/FANTASY
67,PRINCE OF THE BLOOD,RAYMOND E FEIST,F-SCIENCE FICTION/FANTASY
68,A DARKNESS AT SETHANON,RAYMOND E FEIST,F-SCIENCE FICTION/FANTASY
69,PERCY JACKSON AND THE BATTLE OF THE LABYRINTH,RICK RIORDAN,F-SCIENCE FICTION/FANTASY
70,ECLIPSE,STEPHANIE MEYER,F-SCIENCE FICTION/FANTASY
71,TWILIGHT,STEPHANIE MEYER,F-SCIENCE FICTION/FANTASY
72,NEW MOON,STEPHANIE MEYER,F-SCIENCE FICTION/FANTASY
73,BREAKING DAWN,STEPHANIE MEYER,F-SCIENCE FICTION/FANTASY
74,JANE EYRE,CHARLOTTE BRONTE,CLASSIC
75,LORNA DOONE,R.D. BLACKMORE,CLASSIC
76,THE DIARY OF A YOUNG GIRL,ANNE FRANK,NON FICTION BIOGRAPHY
77,HURRICANE FORCE (MYSTERY MAG),ALFRED HITCHCOCK,F-ADVENTURE
78,WALK THROUGH COLD FIRE,CIN FORSHAY-LUNSFORD,F-MISC
79,THE HUNGER GAMES,SUZANNE COLLINS,F-SCIENCE FICTION/FANTASY
80,THE HUNGER GAMES: CATCHING FIRE,SUZANNE COLLINS,F-SCIENCE FICTION/FANTASY
81,THE HUNGER GAMES: MOCKING JAY,SUZANNE COLLINS,F-SCIENCE FICTION/FANTASY
82,DIVERGENT,VERONICA ROTH,F-SCIENCE FICTION/FANTASY
83,MY BEST LOVED MOONLIGHT STORIES,APPLE BOOKS,FICTION
84,SHERLOCK HOLMES - THE ENGINEER’S THUMB,ARTHUR CONAN DOYLE,FICTION
85,PIPPI GOES ON BOARD,ASTRID LINDGREN,FICTION
86,PIPPI LONGSTOCKING,ASTRID LINDGREN,FICTION
87,THE BABYSITTERS CLUB #1: KRISTY’S GREAT IDEA,ANN M MARTIN,FICTION
88,SECRET WATER,ARTHUR RANSOME,FICTION
89,THE MYSTERY OF THE SPIDER DOLL,CAROL BEACH YORK,FICTION
90,STORIES OF MULLAH NASRUDDING,CHANCHAL DEY,FICTION
91,THE CONCH BEARER,CHITRA DIVAKARUNI,FICTION
92,THE MIRROR OF FIRE AND DREAMING,CHITRA DIVAKARUNI,FICTION
93,THE HEROES GUIDE TO SAVING YOUR KINGDOM,CHRISTOPHER HEALY,FICTION
94,TARANGINI ONE,CHINMAYA VIDYALAYA,FICTION
95,THE CHIEF OF THE HERD,DHAN GOPAL MUKHERJI,FICTION
96,RANI IN THE MERMAID LAGOON,DISNEY,FICTION
97,POOH - A WONDERFUL WIND,DISNEY,FICTION
98,THE GLORIOUS STORIES OF SHIRDI’S SAI BABA,DREAMLAND,FICTION
99,ADVENTURES OF THE WISHING CHAIR,ENID BLYTON,FICTION
100,BLUE JAY,NOT FOR ISSUE,REFERENCE
101,MY PRESCHOOL BOOK OF SAFETY,SPIDER BOOKS,REFERENCE
102,CLIFFORD’S BIG DICTIONARY,SCHOLASTIC,REFERENCE
103,MY OWN MENAGERIE,SARADA NATARAJAN,REFERENCE
104,GIANT BOOK OF 4004 WORDS,TINY TOT PUBLICATIONS,REFERENCE
105,UNDER THE BED,USHA RAMAN,REFERENCE
106,VEHICLES,VIKAS TINY BOARD BOOK,REFERENCE
107,KNOW YOUR OPPOSITES,ALKA PUBLICATION,TODDLER
108,BARBIE - THE NUTCRACKER,BARBIE,TODDLER
109,BARBIE LOVES BALLET,BARBIE,TODDLER
110,BARBIE LOVES HER SISTERS,BARBIE,TODDLER
111,BARNEY GOES TO THE PET SHOP,BARNEY,TODDLER
112,BARNEY GOES TO THE ZOO,BARNEY,TODDLER
113,ON THE GO WITH BARNEY,BARNEY,TODDLER
114,LITTLE RED RIDING HOOD,BOARD BOOKS,TODDLER
115,LETS LOOK,BABY EINSTEIN,TODDLER
116,SQUIGGLY GOES TO SCHOOL,BUNNY BOOKS,TODDLER
117,BAMBA AND PINKY,BUNNY BOOKS,TODDLER
118,LIPPO GOES TO THE PARK,BUNNY BOOKS,TODDLER
119,LIPPO GOES TO A PARTY,BUNNY BOOKS,TODDLER
120,BOPPA AND HIS CURLY TAIL,BUNNY BOOKS,TODDLER
121,SQUIGGLY GOES FOR A PICNIC,BUNNY BOOKS,TODDLER